date,year,month,day,precipitation_mm,temp_c,humidity_pct
2020-01-01,2020,01,01,50.82,26.75,88.26
2020-01-02,2020,01,02,6.77,27.38,83.98
2020-01-03,2020,01,03,51.2,27.25,86.89
2020-01-04,2020,01,04,9.0,27.21,87.43
2020-01-05,2020,01,05,10.65,27.1,88.41
2020-01-06,2020,01,06,7.2,27.54,85.07
2020-01-07,2020,01,07,6.43,27.58,84.59
2020-01-08,2020,01,08,15.14,27.37,86.47
2020-01-09,2020,01,09,18.98,26.82,87.1
2020-01-10,2020,01,10,9.24,26.57,84.0
2020-01-11,2020,01,11,9.86,26.74,84.83
2020-01-12,2020,01,12,1.96,27.79,80.67
2020-01-13,2020,01,13,8.7,27.55,83.59
2020-01-14,2020,01,14,9.95,27.29,84.41
2020-01-15,2020,01,15,14.25,26.91,82.67
2020-01-16,2020,01,16,3.63,27.69,82.04
2020-01-17,2020,01,17,7.47,28.16,81.75
2020-01-18,2020,01,18,6.83,27.63,83.59
2020-01-19,2020,01,19,1.17,28.16,79.48
2020-01-20,2020,01,20,2.89,27.95,82.93
2020-01-21,2020,01,21,2.68,27.71,85.35
2020-01-22,2020,01,22,7.12,28.02,81.97
2020-01-23,2020,01,23,11.8,28.04,81.18
2020-01-24,2020,01,24,20.68,27.83,84.11
2020-01-25,2020,01,25,32.45,27.0,89.31
2020-01-26,2020,01,26,7.08,27.26,87.88
2020-01-27,2020,01,27,6.32,27.89,81.06
2020-01-28,2020,01,28,4.71,27.95,82.9
2020-01-29,2020,01,29,9.22,28.12,82.22
2020-01-30,2020,01,30,18.14,27.38,86.64
2020-01-31,2020,01,31,14.2,27.6,85.92
2020-02-01,2020,02,01,24.45,27.32,88.58
2020-02-02,2020,02,02,7.51,27.36,85.13
2020-02-03,2020,02,03,18.46,27.13,87.19
2020-02-04,2020,02,04,14.43,26.95,86.13
2020-02-05,2020,02,05,20.04,27.31,84.87
2020-02-06,2020,02,06,31.15,27.05,87.37
2020-02-07,2020,02,07,17.2,26.9,87.84
2020-02-08,2020,02,08,44.46,26.77,84.98
2020-02-09,2020,02,09,7.29,27.37,81.75
2020-02-10,2020,02,10,3.35,27.83,82.25
2020-02-11,2020,02,11,1.86,27.92,80.82
2020-02-12,2020,02,12,2.28,27.96,80.93
2020-02-13,2020,02,13,3.83,28.06,82.58
2020-02-14,2020,02,14,2.65,27.38,85.46
2020-02-15,2020,02,15,10.11,28.05,81.85
2020-02-16,2020,02,16,44.54,27.37,87.04
2020-02-17,2020,02,17,37.87,26.97,85.09
2020-02-18,2020,02,18,17.45,26.85,87.05
2020-02-19,2020,02,19,26.06,26.6,89.08
2020-02-20,2020,02,20,30.66,27.29,87.12
2020-02-21,2020,02,21,26.91,27.5,86.63
2020-02-22,2020,02,22,18.52,27.57,86.77
2020-02-23,2020,02,23,24.65,27.61,87.5
2020-02-24,2020,02,24,20.35,27.63,87.09
2020-02-25,2020,02,25,96.49,27.51,87.24
2020-02-26,2020,02,26,11.63,27.46,87.51
2020-02-27,2020,02,27,9.29,27.58,86.5
2020-02-28,2020,02,28,9.81,27.4,88.48
2020-02-29,2020,02,29,13.56,27.28,89.26
2020-03-01,2020,03,01,23.49,27.32,90.48
2020-03-02,2020,03,02,1.55,27.97,83.29
2020-03-03,2020,03,03,1.49,27.89,84.65
2020-03-04,2020,03,04,30.99,27.67,87.05
2020-03-05,2020,03,05,8.89,27.26,87.63
2020-03-06,2020,03,06,5.51,27.78,84.12
2020-03-07,2020,03,07,6.75,27.57,85.42
2020-03-08,2020,03,08,3.0,27.04,86.8
2020-03-09,2020,03,09,0.98,27.47,87.09
2020-03-10,2020,03,10,2.27,27.92,85.37
2020-03-11,2020,03,11,2.84,27.75,86.96
2020-03-12,2020,03,12,17.44,27.82,88.4
2020-03-13,2020,03,13,5.38,27.64,84.82
2020-03-14,2020,03,14,4.5,28.18,82.43
2020-03-15,2020,03,15,7.96,28.12,85.2
2020-03-16,2020,03,16,14.89,27.56,82.43
2020-03-17,2020,03,17,9.98,28.01,80.88
2020-03-18,2020,03,18,12.19,27.38,86.25
2020-03-19,2020,03,19,14.61,27.99,80.16
2020-03-20,2020,03,20,21.01,27.08,85.46
2020-03-21,2020,03,21,19.37,27.61,82.51
2020-03-22,2020,03,22,16.56,27.59,82.32
2020-03-23,2020,03,23,2.3,27.76,79.12
2020-03-24,2020,03,24,5.51,27.8,81.09
2020-03-25,2020,03,25,4.16,27.9,81.27
2020-03-26,2020,03,26,39.23,27.58,85.27
2020-03-27,2020,03,27,7.28,28.05,82.9
2020-03-28,2020,03,28,4.57,27.83,85.07
2020-03-29,2020,03,29,4.91,28.1,84.77
2020-03-30,2020,03,30,22.37,27.77,85.98
2020-03-31,2020,03,31,12.94,27.85,82.88
2020-04-01,2020,04,01,3.0,27.95,83.11
2020-04-02,2020,04,02,1.53,28.14,84.23
2020-04-03,2020,04,03,1.31,28.15,83.37
2020-04-04,2020,04,04,7.1,27.44,86.84
2020-04-05,2020,04,05,13.43,28.18,81.18
2020-04-06,2020,04,06,10.67,27.17,87.26
2020-04-07,2020,04,07,10.49,26.85,87.77
2020-04-08,2020,04,08,5.58,27.71,83.18
2020-04-09,2020,04,09,2.01,27.26,84.93
2020-04-10,2020,04,10,17.13,27.75,81.78
2020-04-11,2020,04,11,6.87,28.47,80.53
2020-04-12,2020,04,12,10.28,28.45,82.97
2020-04-13,2020,04,13,35.87,27.65,85.62
2020-04-14,2020,04,14,5.21,28.2,81.03
2020-04-15,2020,04,15,8.83,27.72,86.95
2020-04-16,2020,04,16,1.89,28.02,81.71
2020-04-17,2020,04,17,3.33,28.25,78.88
2020-04-18,2020,04,18,3.51,28.31,79.98
2020-04-19,2020,04,19,2.62,28.72,77.49
2020-04-20,2020,04,20,1.57,28.45,80.67
2020-04-21,2020,04,21,3.13,28.37,81.68
2020-04-22,2020,04,22,1.48,28.73,82.19
2020-04-23,2020,04,23,2.75,28.52,86.52
2020-04-24,2020,04,24,7.01,28.29,87.13
2020-04-25,2020,04,25,0.41,27.89,83.45
2020-04-26,2020,04,26,6.58,27.93,84.05
2020-04-27,2020,04,27,12.01,27.52,87.44
2020-04-28,2020,04,28,7.75,27.47,86.16
2020-04-29,2020,04,29,7.56,27.92,79.9
2020-04-30,2020,04,30,5.13,27.89,85.95
2020-05-01,2020,05,01,12.18,27.44,88.71
2020-05-02,2020,05,02,9.81,27.94,80.84
2020-05-03,2020,05,03,7.51,27.97,85.18
2020-05-04,2020,05,04,4.42,27.91,86.18
2020-05-05,2020,05,05,3.36,27.94,85.7
2020-05-06,2020,05,06,2.93,28.07,86.32
2020-05-07,2020,05,07,1.43,28.21,86.09
2020-05-08,2020,05,08,2.78,28.46,82.56
2020-05-09,2020,05,09,2.8,28.42,80.64
2020-05-10,2020,05,10,4.11,28.24,81.79
2020-05-11,2020,05,11,10.34,27.58,84.28
2020-05-12,2020,05,12,1.66,28.15,84.89
2020-05-13,2020,05,13,7.24,28.16,88.69
2020-05-14,2020,05,14,1.37,28.25,86.06
2020-05-15,2020,05,15,0.42,28.25,86.26
2020-05-16,2020,05,16,1.25,28.54,85.92
2020-05-17,2020,05,17,4.83,28.45,88.36
2020-05-18,2020,05,18,9.66,28.11,79.06
2020-05-19,2020,05,19,2.08,28.04,84.02
2020-05-20,2020,05,20,11.29,27.83,88.8
2020-05-21,2020,05,21,4.21,28.31,81.1
2020-05-22,2020,05,22,7.62,28.12,84.21
2020-05-23,2020,05,23,0.9,27.96,81.72
2020-05-24,2020,05,24,1.35,28.76,79.53
2020-05-25,2020,05,25,5.07,28.45,81.99
2020-05-26,2020,05,26,26.0,27.99,87.25
2020-05-27,2020,05,27,5.08,27.61,86.49
2020-05-28,2020,05,28,4.23,27.65,82.33
2020-05-29,2020,05,29,5.98,27.99,83.56
2020-05-30,2020,05,30,5.49,28.01,85.66
2020-05-31,2020,05,31,6.77,28.39,78.7
2020-06-01,2020,06,01,5.8,27.69,83.29
2020-06-02,2020,06,02,3.75,27.9,80.45
2020-06-03,2020,06,03,4.3,27.81,85.87
2020-06-04,2020,06,04,0.94,27.79,84.09
2020-06-05,2020,06,05,2.14,27.61,82.92
2020-06-06,2020,06,06,0.74,28.03,79.12
2020-06-07,2020,06,07,2.01,27.72,83.4
2020-06-08,2020,06,08,2.25,27.62,83.57
2020-06-09,2020,06,09,0.77,27.92,78.04
2020-06-10,2020,06,10,2.89,27.64,85.56
2020-06-11,2020,06,11,3.38,27.97,85.95
2020-06-12,2020,06,12,2.09,27.76,84.42
2020-06-13,2020,06,13,0.22,27.85,81.72
2020-06-14,2020,06,14,0.14,28.04,82.22
2020-06-15,2020,06,15,1.54,27.84,87.02
2020-06-16,2020,06,16,1.37,27.74,87.66
2020-06-17,2020,06,17,1.14,27.75,85.58
2020-06-18,2020,06,18,1.91,27.67,86.68
2020-06-19,2020,06,19,3.59,27.32,83.77
2020-06-20,2020,06,20,0.75,27.57,83.11
2020-06-21,2020,06,21,2.57,27.44,83.4
2020-06-22,2020,06,22,7.26,26.78,86.31
2020-06-23,2020,06,23,3.76,27.2,83.96
2020-06-24,2020,06,24,1.6,27.65,79.07
2020-06-25,2020,06,25,0.79,27.6,79.41
2020-06-26,2020,06,26,0.84,27.44,82.24
2020-06-27,2020,06,27,0.41,27.12,84.84
2020-06-28,2020,06,28,0.19,27.51,82.72
2020-06-29,2020,06,29,0.03,27.5,81.36
2020-06-30,2020,06,30,3.14,27.32,83.49
2020-07-01,2020,07,01,5.18,27.36,82.04
2020-07-02,2020,07,02,16.11,27.58,78.65
2020-07-03,2020,07,03,10.4,27.39,83.87
2020-07-04,2020,07,04,5.51,27.1,82.27
2020-07-05,2020,07,05,0.46,27.2,81.13
2020-07-06,2020,07,06,5.07,27.0,84.63
2020-07-07,2020,07,07,3.12,26.84,86.34
2020-07-08,2020,07,08,4.49,27.33,80.74
2020-07-09,2020,07,09,1.39,27.16,78.02
2020-07-10,2020,07,10,0.71,27.43,77.7
2020-07-11,2020,07,11,1.36,27.31,82.61
2020-07-12,2020,07,12,1.66,27.37,83.63
2020-07-13,2020,07,13,2.67,27.12,85.34
2020-07-14,2020,07,14,4.54,27.1,85.87
2020-07-15,2020,07,15,4.44,27.13,85.41
2020-07-16,2020,07,16,7.81,27.22,86.87
2020-07-17,2020,07,17,1.25,27.33,84.76
2020-07-18,2020,07,18,1.32,27.02,84.78
2020-07-19,2020,07,19,1.84,27.51,82.14
2020-07-20,2020,07,20,1.42,27.35,83.67
2020-07-21,2020,07,21,1.95,27.41,84.57
2020-07-22,2020,07,22,1.67,27.6,83.97
2020-07-23,2020,07,23,1.39,27.35,83.68
2020-07-24,2020,07,24,0.59,27.5,82.24
2020-07-25,2020,07,25,0.02,27.32,78.29
2020-07-26,2020,07,26,0.0,26.65,78.29
2020-07-27,2020,07,27,0.0,26.57,78.74
2020-07-28,2020,07,28,0.0,26.79,76.67
2020-07-29,2020,07,29,0.0,26.86,76.18
2020-07-30,2020,07,30,0.0,26.78,75.45
2020-07-31,2020,07,31,0.0,26.38,70.47
2020-08-01,2020,08,01,0.0,26.59,69.88
2020-08-02,2020,08,02,0.01,27.22,75.33
2020-08-03,2020,08,03,0.01,27.0,81.53
2020-08-04,2020,08,04,0.3,27.11,83.36
2020-08-05,2020,08,05,0.67,27.49,82.13
2020-08-06,2020,08,06,1.74,27.33,84.06
2020-08-07,2020,08,07,6.64,27.12,85.45
2020-08-08,2020,08,08,2.44,27.11,85.2
2020-08-09,2020,08,09,2.13,27.24,83.89
2020-08-10,2020,08,10,0.47,27.3,84.62
2020-08-11,2020,08,11,2.76,27.26,85.12
2020-08-12,2020,08,12,1.11,27.6,84.43
2020-08-13,2020,08,13,22.47,26.82,88.96
2020-08-14,2020,08,14,2.64,27.3,83.92
2020-08-15,2020,08,15,0.62,26.99,85.35
2020-08-16,2020,08,16,2.63,26.97,85.64
2020-08-17,2020,08,17,2.77,27.13,83.93
2020-08-18,2020,08,18,2.98,26.97,85.04
2020-08-19,2020,08,19,0.42,27.1,83.98
2020-08-20,2020,08,20,0.15,27.24,82.63
2020-08-21,2020,08,21,0.04,27.21,82.03
2020-08-22,2020,08,22,0.06,26.98,81.65
2020-08-23,2020,08,23,0.13,27.47,82.24
2020-08-24,2020,08,24,0.03,27.5,81.98
2020-08-25,2020,08,25,0.0,27.14,77.19
2020-08-26,2020,08,26,0.0,27.2,77.98
2020-08-27,2020,08,27,0.0,26.79,77.63
2020-08-28,2020,08,28,0.0,27.03,77.65
2020-08-29,2020,08,29,0.72,27.56,79.6
2020-08-30,2020,08,30,1.8,27.48,83.24
2020-08-31,2020,08,31,0.11,27.52,78.65
2020-09-01,2020,09,01,0.23,27.64,79.09
2020-09-02,2020,09,02,8.02,27.53,79.29
2020-09-03,2020,09,03,1.77,27.62,80.55
2020-09-04,2020,09,04,0.49,27.43,84.1
2020-09-05,2020,09,05,0.46,27.86,81.0
2020-09-06,2020,09,06,0.03,28.14,75.81
2020-09-07,2020,09,07,0.07,28.09,76.02
2020-09-08,2020,09,08,0.45,27.61,80.66
2020-09-09,2020,09,09,0.79,27.7,82.08
2020-09-10,2020,09,10,3.47,26.83,84.35
2020-09-11,2020,09,11,0.82,27.37,80.7
2020-09-12,2020,09,12,0.14,27.84,76.61
2020-09-13,2020,09,13,0.59,28.27,73.71
2020-09-14,2020,09,14,6.81,27.72,78.14
2020-09-15,2020,09,15,5.51,27.76,74.58
2020-09-16,2020,09,16,2.82,26.98,78.93
2020-09-17,2020,09,17,1.33,27.31,77.0
2020-09-18,2020,09,18,0.73,27.64,77.22
2020-09-19,2020,09,19,1.57,27.88,79.27
2020-09-20,2020,09,20,25.32,27.23,85.46
2020-09-21,2020,09,21,13.31,27.44,82.04
2020-09-22,2020,09,22,20.04,27.54,83.45
2020-09-23,2020,09,23,0.71,28.04,79.34
2020-09-24,2020,09,24,1.8,28.22,79.03
2020-09-25,2020,09,25,0.39,28.55,75.05
2020-09-26,2020,09,26,2.32,27.87,78.83
2020-09-27,2020,09,27,9.42,26.6,85.04
2020-09-28,2020,09,28,5.64,27.59,79.29
2020-09-29,2020,09,29,0.59,27.89,76.17
2020-09-30,2020,09,30,0.47,27.87,78.74
2020-10-01,2020,10,01,0.82,27.95,81.22
2020-10-02,2020,10,02,2.47,28.02,80.9
2020-10-03,2020,10,03,12.89,27.32,83.18
2020-10-04,2020,10,04,5.54,28.08,77.46
2020-10-05,2020,10,05,2.4,28.19,73.85
2020-10-06,2020,10,06,0.85,27.81,75.55
2020-10-07,2020,10,07,0.46,28.19,76.28
2020-10-08,2020,10,08,2.05,28.04,77.3
2020-10-09,2020,10,09,2.98,27.51,81.35
2020-10-10,2020,10,10,3.68,27.49,81.82
2020-10-11,2020,10,11,5.06,27.46,81.2
2020-10-12,2020,10,12,5.18,27.99,78.6
2020-10-13,2020,10,13,12.94,27.77,82.26
2020-10-14,2020,10,14,3.05,28.37,79.23
2020-10-15,2020,10,15,3.25,27.46,79.81
2020-10-16,2020,10,16,11.41,27.62,80.01
2020-10-17,2020,10,17,13.02,27.82,78.39
2020-10-18,2020,10,18,5.51,27.8,79.43
2020-10-19,2020,10,19,7.01,27.69,81.84
2020-10-20,2020,10,20,11.31,27.18,86.52
2020-10-21,2020,10,21,8.68,27.87,81.45
2020-10-22,2020,10,22,3.16,27.52,81.68
2020-10-23,2020,10,23,4.69,27.98,81.14
2020-10-24,2020,10,24,6.5,27.34,86.38
2020-10-25,2020,10,25,9.34,27.49,88.01
2020-10-26,2020,10,26,24.61,27.09,85.9
2020-10-27,2020,10,27,9.98,26.36,88.72
2020-10-28,2020,10,28,6.62,27.79,81.67
2020-10-29,2020,10,29,2.59,28.17,81.13
2020-10-30,2020,10,30,6.07,27.57,82.89
2020-10-31,2020,10,31,11.67,27.35,83.58
2020-11-01,2020,11,01,7.04,27.84,80.15
2020-11-02,2020,11,02,7.12,28.31,80.37
2020-11-03,2020,11,03,9.33,27.83,79.82
2020-11-04,2020,11,04,1.86,27.99,79.87
2020-11-05,2020,11,05,4.16,27.54,81.15
2020-11-06,2020,11,06,2.51,27.7,81.26
2020-11-07,2020,11,07,3.77,27.83,83.99
2020-11-08,2020,11,08,6.3,27.34,83.5
2020-11-09,2020,11,09,4.05,27.75,77.44
2020-11-10,2020,11,10,5.59,28.1,80.8
2020-11-11,2020,11,11,2.07,28.68,77.36
2020-11-12,2020,11,12,5.97,28.46,83.61
2020-11-13,2020,11,13,1.36,28.65,81.96
2020-11-14,2020,11,14,2.92,28.38,80.19
2020-11-15,2020,11,15,4.17,27.89,82.76
2020-11-16,2020,11,16,2.33,27.84,83.61
2020-11-17,2020,11,17,4.87,27.94,81.98
2020-11-18,2020,11,18,3.08,28.2,80.99
2020-11-19,2020,11,19,2.7,28.09,82.79
2020-11-20,2020,11,20,1.31,28.21,80.3
2020-11-21,2020,11,21,2.15,28.04,78.17
2020-11-22,2020,11,22,2.44,28.17,76.99
2020-11-23,2020,11,23,5.12,27.0,82.7
2020-11-24,2020,11,24,26.81,27.77,81.84
2020-11-25,2020,11,25,27.51,27.54,84.16
2020-11-26,2020,11,26,8.84,27.66,80.46
2020-11-27,2020,11,27,3.07,27.73,79.67
2020-11-28,2020,11,28,8.3,27.74,77.29
2020-11-29,2020,11,29,7.24,26.63,87.29
2020-11-30,2020,11,30,64.79,26.71,86.56
2020-12-01,2020,12,01,1.66,27.59,82.32
2020-12-02,2020,12,02,6.01,27.74,83.18
2020-12-03,2020,12,03,18.23,26.22,89.03
2020-12-04,2020,12,04,10.31,27.36,82.49
2020-12-05,2020,12,05,11.08,27.14,85.65
2020-12-06,2020,12,06,21.08,27.01,85.78
2020-12-07,2020,12,07,5.48,27.39,83.18
2020-12-08,2020,12,08,3.56,27.74,84.01
2020-12-09,2020,12,09,2.56,27.2,83.83
2020-12-10,2020,12,10,4.16,27.06,84.87
2020-12-11,2020,12,11,12.77,26.74,86.15
2020-12-12,2020,12,12,11.04,26.34,87.33
2020-12-13,2020,12,13,10.5,26.17,86.97
2020-12-14,2020,12,14,1.94,26.56,88.72
2020-12-15,2020,12,15,3.81,26.98,84.62
2020-12-16,2020,12,16,2.61,26.88,85.69
2020-12-17,2020,12,17,9.7,26.75,87.0
2020-12-18,2020,12,18,2.78,26.96,84.04
2020-12-19,2020,12,19,2.4,27.21,81.28
2020-12-20,2020,12,20,2.76,26.93,83.56
2020-12-21,2020,12,21,5.26,26.16,88.0
2020-12-22,2020,12,22,6.9,26.99,83.74
2020-12-23,2020,12,23,2.79,27.67,82.66
2020-12-24,2020,12,24,22.22,27.53,83.81
2020-12-25,2020,12,25,2.96,27.29,82.89
2020-12-26,2020,12,26,1.32,27.29,82.78
2020-12-27,2020,12,27,4.53,26.95,84.89
2020-12-28,2020,12,28,12.83,26.51,86.99
2020-12-29,2020,12,29,10.81,26.39,89.94
2020-12-30,2020,12,30,7.06,26.43,88.18
2020-12-31,2020,12,31,8.57,26.23,87.64
2021-01-01,2021,01,01,6.3,26.88,84.37
2021-01-02,2021,01,02,15.64,26.53,85.82
2021-01-03,2021,01,03,4.13,26.98,82.67
2021-01-04,2021,01,04,3.46,26.81,84.96
2021-01-05,2021,01,05,7.0,26.63,87.18
2021-01-06,2021,01,06,6.48,27.01,88.47
2021-01-07,2021,01,07,13.18,26.85,84.85
2021-01-08,2021,01,08,7.14,26.77,85.28
2021-01-09,2021,01,09,11.69,26.89,86.62
2021-01-10,2021,01,10,7.54,26.63,88.05
2021-01-11,2021,01,11,9.24,26.79,87.48
2021-01-12,2021,01,12,10.11,26.6,88.82
2021-01-13,2021,01,13,6.0,26.34,88.86
2021-01-14,2021,01,14,6.11,26.32,88.2
2021-01-15,2021,01,15,2.8,26.4,88.55
2021-01-16,2021,01,16,3.1,27.31,82.35
2021-01-17,2021,01,17,6.26,26.84,86.29
2021-01-18,2021,01,18,10.06,26.46,88.73
2021-01-19,2021,01,19,17.4,26.21,86.23
2021-01-20,2021,01,20,6.82,26.54,86.74
2021-01-21,2021,01,21,17.15,26.41,88.15
2021-01-22,2021,01,22,10.02,26.61,83.72
2021-01-23,2021,01,23,7.23,26.58,87.71
2021-01-24,2021,01,24,20.86,25.95,90.62
2021-01-25,2021,01,25,8.93,26.66,83.49
2021-01-26,2021,01,26,24.19,26.66,87.09
2021-01-27,2021,01,27,7.79,25.91,90.26
2021-01-28,2021,01,28,23.07,25.7,89.78
2021-01-29,2021,01,29,18.55,26.3,85.29
2021-01-30,2021,01,30,23.83,26.21,87.02
2021-01-31,2021,01,31,18.5,26.39,88.03
2021-02-01,2021,02,01,13.66,26.4,89.52
2021-02-02,2021,02,02,51.32,26.41,90.33
2021-02-03,2021,02,03,52.49,26.09,91.22
2021-02-04,2021,02,04,15.45,26.43,89.18
2021-02-05,2021,02,05,22.27,26.65,87.13
2021-02-06,2021,02,06,34.36,26.98,88.04
2021-02-07,2021,02,07,49.89,26.89,89.5
2021-02-08,2021,02,08,27.3,26.84,89.23
2021-02-09,2021,02,09,45.6,26.68,90.97
2021-02-10,2021,02,10,12.34,26.97,88.13
2021-02-11,2021,02,11,1.98,27.3,86.8
2021-02-12,2021,02,12,7.8,26.42,89.0
2021-02-13,2021,02,13,7.04,26.61,88.55
2021-02-14,2021,02,14,8.63,26.58,89.48
2021-02-15,2021,02,15,104.93,26.46,90.39
2021-02-16,2021,02,16,20.56,26.45,89.76
2021-02-17,2021,02,17,18.22,26.3,88.18
2021-02-18,2021,02,18,17.6,26.37,86.29
2021-02-19,2021,02,19,71.22,25.88,89.82
2021-02-20,2021,02,20,20.33,26.23,88.15
2021-02-21,2021,02,21,7.55,26.56,86.95
2021-02-22,2021,02,22,8.0,26.74,87.36
2021-02-23,2021,02,23,10.14,26.9,86.44
2021-02-24,2021,02,24,13.55,26.56,87.21
2021-02-25,2021,02,25,14.34,26.72,87.4
2021-02-26,2021,02,26,22.77,26.8,89.99
2021-02-27,2021,02,27,7.51,27.25,84.6
2021-02-28,2021,02,28,8.38,27.33,84.55
2021-03-01,2021,03,01,7.42,27.33,82.78
2021-03-02,2021,03,02,18.09,26.89,86.24
2021-03-03,2021,03,03,12.0,26.68,86.03
2021-03-04,2021,03,04,16.04,27.15,82.98
2021-03-05,2021,03,05,9.12,27.48,82.71
2021-03-06,2021,03,06,15.64,27.09,86.72
2021-03-07,2021,03,07,14.44,26.5,88.09
2021-03-08,2021,03,08,10.47,26.1,88.08
2021-03-09,2021,03,09,9.99,26.29,87.52
2021-03-10,2021,03,10,17.04,26.36,88.5
2021-03-11,2021,03,11,17.42,26.27,88.12
2021-03-12,2021,03,12,24.55,26.96,84.11
2021-03-13,2021,03,13,37.51,26.72,85.4
2021-03-14,2021,03,14,75.08,26.62,86.83
2021-03-15,2021,03,15,22.56,26.56,83.26
2021-03-16,2021,03,16,16.73,27.07,82.36
2021-03-17,2021,03,17,8.07,27.68,77.9
2021-03-18,2021,03,18,4.58,27.61,80.89
2021-03-19,2021,03,19,6.03,27.39,82.99
2021-03-20,2021,03,20,2.62,27.5,82.76
2021-03-21,2021,03,21,2.12,27.62,84.44
2021-03-22,2021,03,22,3.64,27.14,85.95
2021-03-23,2021,03,23,4.07,27.44,84.05
2021-03-24,2021,03,24,3.38,27.43,83.1
2021-03-25,2021,03,25,7.46,27.06,87.95
2021-03-26,2021,03,26,4.09,27.57,81.85
2021-03-27,2021,03,27,18.25,26.95,88.92
2021-03-28,2021,03,28,7.98,27.77,83.98
2021-03-29,2021,03,29,5.37,27.29,86.98
2021-03-30,2021,03,30,5.13,27.43,85.61
2021-03-31,2021,03,31,6.62,27.75,84.62
2021-04-01,2021,04,01,12.77,26.76,89.15
2021-04-02,2021,04,02,4.74,27.43,83.67
2021-04-03,2021,04,03,12.62,26.93,86.23
2021-04-04,2021,04,04,4.24,27.3,83.31
2021-04-05,2021,04,05,6.4,27.24,83.72
2021-04-06,2021,04,06,11.21,26.96,87.43
2021-04-07,2021,04,07,2.32,26.97,84.11
2021-04-08,2021,04,08,2.67,27.17,85.85
2021-04-09,2021,04,09,3.05,26.95,87.25
2021-04-10,2021,04,10,3.22,26.96,85.39
2021-04-11,2021,04,11,6.96,27.49,79.84
2021-04-12,2021,04,12,8.03,27.28,81.98
2021-04-13,2021,04,13,10.27,27.29,83.17
2021-04-14,2021,04,14,11.54,27.11,83.79
2021-04-15,2021,04,15,16.21,27.2,79.72
2021-04-16,2021,04,16,35.43,27.61,79.6
2021-04-17,2021,04,17,15.03,27.01,81.84
2021-04-18,2021,04,18,2.41,27.63,82.77
2021-04-19,2021,04,19,3.63,27.45,82.02
2021-04-20,2021,04,20,8.44,27.45,80.44
2021-04-21,2021,04,21,0.76,27.61,79.49
2021-04-22,2021,04,22,0.02,27.64,75.52
2021-04-23,2021,04,23,1.14,28.05,73.86
2021-04-24,2021,04,24,1.84,27.54,78.37
2021-04-25,2021,04,25,1.04,28.04,78.54
2021-04-26,2021,04,26,1.03,27.69,83.84
2021-04-27,2021,04,27,1.05,28.08,83.65
2021-04-28,2021,04,28,11.88,27.58,84.88
2021-04-29,2021,04,29,4.4,27.57,83.04
2021-04-30,2021,04,30,3.16,27.3,86.07
2021-05-01,2021,05,01,1.59,27.4,87.71
2021-05-02,2021,05,02,1.15,28.07,84.51
2021-05-03,2021,05,03,1.03,27.85,86.1
2021-05-04,2021,05,04,0.86,27.94,83.13
2021-05-05,2021,05,05,1.89,27.9,83.56
2021-05-06,2021,05,06,20.21,27.09,86.01
2021-05-07,2021,05,07,3.18,26.99,82.35
2021-05-08,2021,05,08,0.97,27.69,77.59
2021-05-09,2021,05,09,6.46,27.8,82.78
2021-05-10,2021,05,10,0.54,27.94,80.41
2021-05-11,2021,05,11,0.2,27.97,84.79
2021-05-12,2021,05,12,0.96,28.41,85.14
2021-05-13,2021,05,13,2.04,28.2,86.46
2021-05-14,2021,05,14,1.47,27.97,86.59
2021-05-15,2021,05,15,0.58,28.01,86.02
2021-05-16,2021,05,16,4.64,28.31,84.35
2021-05-17,2021,05,17,13.28,27.82,86.99
2021-05-18,2021,05,18,14.93,27.82,82.92
2021-05-19,2021,05,19,2.88,27.64,82.97
2021-05-20,2021,05,20,2.62,27.68,85.79
2021-05-21,2021,05,21,6.12,27.71,85.67
2021-05-22,2021,05,22,10.83,27.91,83.6
2021-05-23,2021,05,23,3.71,27.69,83.86
2021-05-24,2021,05,24,9.82,27.86,83.17
2021-05-25,2021,05,25,10.92,27.74,86.36
2021-05-26,2021,05,26,0.67,28.26,84.37
2021-05-27,2021,05,27,0.98,28.38,85.72
2021-05-28,2021,05,28,1.99,28.19,84.87
2021-05-29,2021,05,29,6.55,27.3,85.77
2021-05-30,2021,05,30,1.46,27.87,81.09
2021-05-31,2021,05,31,5.88,27.91,82.01
2021-06-01,2021,06,01,3.76,27.72,82.05
2021-06-02,2021,06,02,3.36,28.4,80.03
2021-06-03,2021,06,03,4.41,28.23,86.92
2021-06-04,2021,06,04,5.31,28.44,87.43
2021-06-05,2021,06,05,2.2,28.14,87.44
2021-06-06,2021,06,06,2.89,27.94,83.93
2021-06-07,2021,06,07,4.33,27.82,85.32
2021-06-08,2021,06,08,0.77,27.8,81.7
2021-06-09,2021,06,09,1.85,27.82,82.06
2021-06-10,2021,06,10,2.01,28.07,81.46
2021-06-11,2021,06,11,5.41,27.28,82.73
2021-06-12,2021,06,12,3.04,27.91,77.28
2021-06-13,2021,06,13,3.61,28.04,86.42
2021-06-14,2021,06,14,1.77,27.51,87.89
2021-06-15,2021,06,15,3.72,27.55,82.88
2021-06-16,2021,06,16,3.63,27.3,82.92
2021-06-17,2021,06,17,2.81,27.14,83.01
2021-06-18,2021,06,18,2.57,27.39,82.8
2021-06-19,2021,06,19,4.96,27.25,80.28
2021-06-20,2021,06,20,37.33,26.67,84.03
2021-06-21,2021,06,21,28.4,26.38,87.56
2021-06-22,2021,06,22,3.37,26.8,84.69
2021-06-23,2021,06,23,5.47,27.41,81.63
2021-06-24,2021,06,24,2.91,26.71,86.78
2021-06-25,2021,06,25,0.7,27.09,84.06
2021-06-26,2021,06,26,0.8,27.33,86.67
2021-06-27,2021,06,27,1.35,27.36,84.97
2021-06-28,2021,06,28,0.64,27.4,81.32
2021-06-29,2021,06,29,1.35,27.16,81.39
2021-06-30,2021,06,30,2.19,27.03,83.24
2021-07-01,2021,07,01,4.71,26.28,81.95
2021-07-02,2021,07,02,0.33,27.14,83.42
2021-07-03,2021,07,03,0.26,27.03,85.19
2021-07-04,2021,07,04,0.01,27.29,77.62
2021-07-05,2021,07,05,0.75,27.42,79.27
2021-07-06,2021,07,06,0.34,27.14,76.33
2021-07-07,2021,07,07,0.09,27.19,76.9
2021-07-08,2021,07,08,0.23,26.72,80.61
2021-07-09,2021,07,09,2.21,27.34,83.97
2021-07-10,2021,07,10,2.49,27.44,86.76
2021-07-11,2021,07,11,1.67,27.63,87.73
2021-07-12,2021,07,12,0.11,27.47,82.25
2021-07-13,2021,07,13,1.92,26.57,84.94
2021-07-14,2021,07,14,3.42,26.38,83.52
2021-07-15,2021,07,15,0.02,27.26,76.91
2021-07-16,2021,07,16,0.05,26.99,79.84
2021-07-17,2021,07,17,0.06,27.09,78.88
2021-07-18,2021,07,18,0.7,27.26,78.39
2021-07-19,2021,07,19,2.22,27.35,82.02
2021-07-20,2021,07,20,1.92,27.49,82.95
2021-07-21,2021,07,21,2.23,27.27,82.05
2021-07-22,2021,07,22,9.86,27.04,85.15
2021-07-23,2021,07,23,5.63,27.31,82.4
2021-07-24,2021,07,24,3.96,27.44,81.29
2021-07-25,2021,07,25,0.09,27.22,80.36
2021-07-26,2021,07,26,0.16,26.38,80.83
2021-07-27,2021,07,27,0.05,26.3,76.47
2021-07-28,2021,07,28,0.1,26.87,78.38
2021-07-29,2021,07,29,0.03,26.96,76.64
2021-07-30,2021,07,30,0.37,27.19,76.38
2021-07-31,2021,07,31,6.93,27.41,81.65
2021-08-01,2021,08,01,8.62,27.55,82.58
2021-08-02,2021,08,02,5.82,27.51,80.71
2021-08-03,2021,08,03,0.83,27.7,80.57
2021-08-04,2021,08,04,3.32,27.61,83.16
2021-08-05,2021,08,05,3.83,27.33,85.56
2021-08-06,2021,08,06,1.04,27.34,84.54
2021-08-07,2021,08,07,0.98,27.44,85.35
2021-08-08,2021,08,08,0.66,27.56,84.38
2021-08-09,2021,08,09,5.58,27.52,85.52
2021-08-10,2021,08,10,9.2,27.38,85.38
2021-08-11,2021,08,11,0.16,27.27,80.09
2021-08-12,2021,08,12,0.03,27.0,76.42
2021-08-13,2021,08,13,1.71,27.25,81.15
2021-08-14,2021,08,14,0.98,27.26,83.95
2021-08-15,2021,08,15,0.44,27.7,82.94
2021-08-16,2021,08,16,0.39,27.59,82.87
2021-08-17,2021,08,17,0.5,27.36,81.74
2021-08-18,2021,08,18,2.4,27.21,82.23
2021-08-19,2021,08,19,4.9,26.53,84.71
2021-08-20,2021,08,20,5.2,26.72,81.47
2021-08-21,2021,08,21,3.7,26.32,82.83
2021-08-22,2021,08,22,0.45,27.08,81.42
2021-08-23,2021,08,23,1.39,27.01,83.75
2021-08-24,2021,08,24,1.21,27.66,78.11
2021-08-25,2021,08,25,1.63,27.67,73.56
2021-08-26,2021,08,26,0.05,27.11,76.75
2021-08-27,2021,08,27,0.02,27.33,74.23
2021-08-28,2021,08,28,0.26,27.26,76.22
2021-08-29,2021,08,29,0.73,27.36,79.33
2021-08-30,2021,08,30,0.7,27.29,80.64
2021-08-31,2021,08,31,1.32,27.46,82.22
2021-09-01,2021,09,01,0.33,27.44,80.28
2021-09-02,2021,09,02,0.18,27.53,77.46
2021-09-03,2021,09,03,0.23,27.52,75.14
2021-09-04,2021,09,04,0.08,27.7,73.71
2021-09-05,2021,09,05,0.43,27.77,77.23
2021-09-06,2021,09,06,7.59,26.98,84.4
2021-09-07,2021,09,07,5.17,27.22,82.86
2021-09-08,2021,09,08,5.92,27.79,77.46
2021-09-09,2021,09,09,1.64,27.48,72.35
2021-09-10,2021,09,10,0.02,27.61,70.72
2021-09-11,2021,09,11,1.36,27.59,78.2
2021-09-12,2021,09,12,8.64,27.32,84.91
2021-09-13,2021,09,13,16.13,26.69,87.22
2021-09-14,2021,09,14,15.79,26.46,81.5
2021-09-15,2021,09,15,3.82,27.18,80.11
2021-09-16,2021,09,16,2.09,27.42,83.04
2021-09-17,2021,09,17,3.12,27.46,84.75
2021-09-18,2021,09,18,1.13,28.18,79.99
2021-09-19,2021,09,19,4.17,27.67,79.57
2021-09-20,2021,09,20,2.75,27.74,78.71
2021-09-21,2021,09,21,5.03,27.76,78.1
2021-09-22,2021,09,22,4.24,27.68,81.68
2021-09-23,2021,09,23,3.05,27.8,82.06
2021-09-24,2021,09,24,2.72,27.93,83.34
2021-09-25,2021,09,25,2.54,27.65,84.49
2021-09-26,2021,09,26,4.44,27.58,85.18
2021-09-27,2021,09,27,5.06,27.41,86.2
2021-09-28,2021,09,28,3.7,27.5,84.24
2021-09-29,2021,09,29,0.36,27.97,78.95
2021-09-30,2021,09,30,2.95,28.24,77.86
2021-10-01,2021,10,01,5.58,27.37,82.36
2021-10-02,2021,10,02,2.15,27.62,80.51
2021-10-03,2021,10,03,1.37,27.84,78.44
2021-10-04,2021,10,04,2.08,28.28,75.44
2021-10-05,2021,10,05,3.06,27.7,79.57
2021-10-06,2021,10,06,3.01,27.33,80.87
2021-10-07,2021,10,07,1.45,27.48,79.53
2021-10-08,2021,10,08,0.73,27.68,78.4
2021-10-09,2021,10,09,0.23,28.54,75.55
2021-10-10,2021,10,10,0.29,28.91,74.85
2021-10-11,2021,10,11,1.0,28.97,73.19
2021-10-12,2021,10,12,1.59,28.31,75.34
2021-10-13,2021,10,13,0.78,28.68,72.71
2021-10-14,2021,10,14,0.41,28.62,74.01
2021-10-15,2021,10,15,2.11,28.51,76.76
2021-10-16,2021,10,16,2.77,28.82,75.9
2021-10-17,2021,10,17,11.03,28.22,83.08
2021-10-18,2021,10,18,14.28,27.4,86.37
2021-10-19,2021,10,19,7.42,28.03,78.13
2021-10-20,2021,10,20,10.28,27.43,81.56
2021-10-21,2021,10,21,10.25,27.61,83.86
2021-10-22,2021,10,22,10.9,27.67,84.45
2021-10-23,2021,10,23,2.77,28.18,79.7
2021-10-24,2021,10,24,2.9,28.44,78.49
2021-10-25,2021,10,25,4.78,28.84,75.57
2021-10-26,2021,10,26,2.22,28.79,77.5
2021-10-27,2021,10,27,22.85,27.86,84.99
2021-10-28,2021,10,28,15.06,27.53,81.57
2021-10-29,2021,10,29,6.32,28.22,77.29
2021-10-30,2021,10,30,14.47,27.87,83.16
2021-10-31,2021,10,31,6.84,28.31,79.78
2021-11-01,2021,11,01,8.84,27.84,82.94
2021-11-02,2021,11,02,4.04,28.14,78.89
2021-11-03,2021,11,03,8.14,27.89,83.17
2021-11-04,2021,11,04,5.0,28.19,83.17
2021-11-05,2021,11,05,2.84,27.6,83.62
2021-11-06,2021,11,06,1.12,28.37,76.72
2021-11-07,2021,11,07,6.48,27.69,84.67
2021-11-08,2021,11,08,3.78,27.67,79.71
2021-11-09,2021,11,09,26.03,28.16,79.19
2021-11-10,2021,11,10,10.75,27.68,83.66
2021-11-11,2021,11,11,5.61,27.37,80.36
2021-11-12,2021,11,12,2.96,28.22,78.26
2021-11-13,2021,11,13,11.2,27.31,82.35
2021-11-14,2021,11,14,12.18,27.0,85.82
2021-11-15,2021,11,15,6.23,26.71,86.73
2021-11-16,2021,11,16,3.48,27.4,84.06
2021-11-17,2021,11,17,1.38,27.62,85.0
2021-11-18,2021,11,18,4.0,27.43,83.23
2021-11-19,2021,11,19,7.57,27.13,89.32
2021-11-20,2021,11,20,6.34,26.9,82.44
2021-11-21,2021,11,21,2.3,27.32,83.76
2021-11-22,2021,11,22,4.07,27.69,84.67
2021-11-23,2021,11,23,4.04,27.59,86.01
2021-11-24,2021,11,24,3.18,26.95,89.0
2021-11-25,2021,11,25,2.73,27.59,83.05
2021-11-26,2021,11,26,32.27,27.49,84.43
2021-11-27,2021,11,27,22.72,27.32,83.35
2021-11-28,2021,11,28,18.16,27.33,82.48
2021-11-29,2021,11,29,27.67,27.68,82.26
2021-11-30,2021,11,30,31.16,26.81,82.79
2021-12-01,2021,12,01,15.21,27.41,80.18
2021-12-02,2021,12,02,1.84,28.02,81.2
2021-12-03,2021,12,03,3.15,27.8,82.11
2021-12-04,2021,12,04,14.17,26.88,86.91
2021-12-05,2021,12,05,11.12,26.43,86.86
2021-12-06,2021,12,06,29.63,26.56,86.43
2021-12-07,2021,12,07,15.07,26.72,86.92
2021-12-08,2021,12,08,7.86,26.93,83.6
2021-12-09,2021,12,09,24.05,26.78,87.86
2021-12-10,2021,12,10,7.51,27.19,85.98
2021-12-11,2021,12,11,13.44,26.61,89.55
2021-12-12,2021,12,12,10.55,27.16,87.27
2021-12-13,2021,12,13,2.33,27.76,83.4
2021-12-14,2021,12,14,3.1,28.01,82.19
2021-12-15,2021,12,15,6.76,27.94,82.23
2021-12-16,2021,12,16,15.68,27.4,84.95
2021-12-17,2021,12,17,10.85,27.59,85.14
2021-12-18,2021,12,18,4.56,27.8,82.64
2021-12-19,2021,12,19,18.94,27.85,83.7
2021-12-20,2021,12,20,11.04,27.43,79.68
2021-12-21,2021,12,21,13.05,27.14,81.01
2021-12-22,2021,12,22,2.76,27.65,78.06
2021-12-23,2021,12,23,9.11,27.07,83.28
2021-12-24,2021,12,24,19.07,27.39,81.08
2021-12-25,2021,12,25,9.26,26.88,85.92
2021-12-26,2021,12,26,5.95,26.97,82.23
2021-12-27,2021,12,27,4.91,27.62,80.24
2021-12-28,2021,12,28,7.2,27.19,85.09
2021-12-29,2021,12,29,3.94,27.34,82.77
2021-12-30,2021,12,30,6.08,27.4,84.33
2021-12-31,2021,12,31,3.94,27.33,81.57
2022-01-01,2022,01,01,2.89,27.42,80.54
2022-01-02,2022,01,02,1.55,27.23,83.08
2022-01-03,2022,01,03,0.25,27.86,76.94
2022-01-04,2022,01,04,0.65,27.34,80.15
2022-01-05,2022,01,05,2.64,27.99,78.52
2022-01-06,2022,01,06,8.06,27.25,82.63
2022-01-07,2022,01,07,9.0,27.06,84.77
2022-01-08,2022,01,08,8.32,27.52,82.6
2022-01-09,2022,01,09,6.47,27.39,84.56
2022-01-10,2022,01,10,11.65,27.36,85.32
2022-01-11,2022,01,11,31.67,26.44,88.98
2022-01-12,2022,01,12,17.47,26.26,86.63
2022-01-13,2022,01,13,8.18,26.46,86.14
2022-01-14,2022,01,14,7.85,26.66,85.76
2022-01-15,2022,01,15,13.9,26.63,88.37
2022-01-16,2022,01,16,7.94,26.82,88.51
2022-01-17,2022,01,17,6.66,27.11,86.95
2022-01-18,2022,01,18,21.3,26.45,90.34
2022-01-19,2022,01,19,21.45,26.63,87.45
2022-01-20,2022,01,20,16.39,26.04,88.71
2022-01-21,2022,01,21,5.78,26.67,85.24
2022-01-22,2022,01,22,2.4,26.57,84.71
2022-01-23,2022,01,23,0.84,27.39,83.22
2022-01-24,2022,01,24,2.0,27.36,86.42
2022-01-25,2022,01,25,12.48,27.08,87.45
2022-01-26,2022,01,26,3.21,26.59,89.51
2022-01-27,2022,01,27,2.29,26.85,87.09
2022-01-28,2022,01,28,2.49,27.13,83.43
2022-01-29,2022,01,29,0.66,27.04,83.14
2022-01-30,2022,01,30,1.62,27.42,83.15
2022-01-31,2022,01,31,11.18,26.75,87.06
2022-02-01,2022,02,01,7.86,26.97,85.17
2022-02-02,2022,02,02,5.54,26.85,84.38
2022-02-03,2022,02,03,10.71,27.12,82.87
2022-02-04,2022,02,04,18.26,27.2,83.87
2022-02-05,2022,02,05,28.95,26.31,88.12
2022-02-06,2022,02,06,9.8,26.54,88.03
2022-02-07,2022,02,07,10.3,26.93,86.0
2022-02-08,2022,02,08,10.7,27.08,85.09
2022-02-09,2022,02,09,25.5,26.31,89.61
2022-02-10,2022,02,10,3.19,26.46,87.86
2022-02-11,2022,02,11,2.68,26.65,86.04
2022-02-12,2022,02,12,2.4,26.99,85.44
2022-02-13,2022,02,13,2.1,26.55,85.77
2022-02-14,2022,02,14,3.04,27.14,80.37
2022-02-15,2022,02,15,3.0,27.76,77.85
2022-02-16,2022,02,16,8.62,27.44,83.52
2022-02-17,2022,02,17,10.84,26.68,84.64
2022-02-18,2022,02,18,4.24,26.61,84.17
2022-02-19,2022,02,19,4.0,27.02,82.92
2022-02-20,2022,02,20,3.85,27.27,81.42
2022-02-21,2022,02,21,5.6,27.16,82.64
2022-02-22,2022,02,22,8.11,27.44,79.53
2022-02-23,2022,02,23,6.96,27.09,82.28
2022-02-24,2022,02,24,2.53,27.21,81.21
2022-02-25,2022,02,25,6.15,26.93,83.27
2022-02-26,2022,02,26,4.78,26.71,83.4
2022-02-27,2022,02,27,5.42,26.97,82.32
2022-02-28,2022,02,28,7.85,27.34,82.87
2022-03-01,2022,03,01,7.81,27.11,85.11
2022-03-02,2022,03,02,7.48,27.05,85.2
2022-03-03,2022,03,03,3.22,27.12,84.97
2022-03-04,2022,03,04,10.04,26.37,87.99
2022-03-05,2022,03,05,12.24,26.74,86.03
2022-03-06,2022,03,06,2.28,27.02,85.57
2022-03-07,2022,03,07,26.81,26.91,88.15
2022-03-08,2022,03,08,15.36,26.88,85.69
2022-03-09,2022,03,09,11.16,27.35,84.94
2022-03-10,2022,03,10,6.39,27.45,83.58
2022-03-11,2022,03,11,13.96,27.36,85.71
2022-03-12,2022,03,12,9.71,26.82,88.6
2022-03-13,2022,03,13,4.86,27.08,86.98
2022-03-14,2022,03,14,5.8,27.67,84.8
2022-03-15,2022,03,15,52.44,26.9,87.11
2022-03-16,2022,03,16,2.39,27.4,83.88
2022-03-17,2022,03,17,0.36,27.85,82.31
2022-03-18,2022,03,18,2.24,28.12,83.39
2022-03-19,2022,03,19,4.68,27.72,85.66
2022-03-20,2022,03,20,1.24,27.69,85.99
2022-03-21,2022,03,21,3.18,27.28,85.71
2022-03-22,2022,03,22,5.54,27.18,84.83
2022-03-23,2022,03,23,4.48,27.24,84.27
2022-03-24,2022,03,24,2.83,27.12,82.88
2022-03-25,2022,03,25,4.6,27.68,82.63
2022-03-26,2022,03,26,4.62,27.57,81.54
2022-03-27,2022,03,27,7.51,27.51,84.08
2022-03-28,2022,03,28,7.85,27.7,84.86
2022-03-29,2022,03,29,4.55,27.38,85.77
2022-03-30,2022,03,30,7.02,27.67,82.1
2022-03-31,2022,03,31,8.96,27.58,82.23
2022-04-01,2022,04,01,1.67,27.53,76.35
2022-04-02,2022,04,02,6.44,27.76,80.76
2022-04-03,2022,04,03,10.63,27.26,84.07
2022-04-04,2022,04,04,7.45,27.64,80.27
2022-04-05,2022,04,05,11.71,27.64,79.35
2022-04-06,2022,04,06,11.63,27.67,81.7
2022-04-07,2022,04,07,3.59,27.56,82.12
2022-04-08,2022,04,08,20.07,27.31,84.0
2022-04-09,2022,04,09,5.48,27.56,81.23
2022-04-10,2022,04,10,3.65,27.78,81.8
2022-04-11,2022,04,11,5.97,27.28,83.21
2022-04-12,2022,04,12,19.64,27.52,81.16
2022-04-13,2022,04,13,10.19,28.03,78.23
2022-04-14,2022,04,14,0.94,27.99,78.82
2022-04-15,2022,04,15,4.16,28.23,79.1
2022-04-16,2022,04,16,2.85,28.23,77.29
2022-04-17,2022,04,17,2.16,28.36,81.85
2022-04-18,2022,04,18,6.63,28.31,84.29
2022-04-19,2022,04,19,10.56,28.3,81.38
2022-04-20,2022,04,20,13.63,27.45,87.91
2022-04-21,2022,04,21,50.22,26.72,88.45
2022-04-22,2022,04,22,5.15,27.45,83.31
2022-04-23,2022,04,23,3.55,27.75,81.79
2022-04-24,2022,04,24,3.58,28.17,80.66
2022-04-25,2022,04,25,6.97,28.55,78.91
2022-04-26,2022,04,26,24.71,27.58,85.58
2022-04-27,2022,04,27,6.55,27.6,83.37
2022-04-28,2022,04,28,16.35,27.27,87.18
2022-04-29,2022,04,29,4.0,27.95,84.14
2022-04-30,2022,04,30,5.24,27.56,86.55
2022-05-01,2022,05,01,4.59,27.67,86.06
2022-05-02,2022,05,02,9.25,27.9,82.39
2022-05-03,2022,05,03,3.78,27.79,86.1
2022-05-04,2022,05,04,3.31,27.67,83.6
2022-05-05,2022,05,05,1.92,28.03,83.1
2022-05-06,2022,05,06,1.56,27.5,80.4
2022-05-07,2022,05,07,1.68,28.07,82.82
2022-05-08,2022,05,08,1.22,28.77,79.0
2022-05-09,2022,05,09,5.08,28.03,85.19
2022-05-10,2022,05,10,6.09,28.04,83.71
2022-05-11,2022,05,11,4.5,28.41,83.77
2022-05-12,2022,05,12,1.7,28.07,86.7
2022-05-13,2022,05,13,3.15,27.79,85.49
2022-05-14,2022,05,14,0.49,28.28,79.32
2022-05-15,2022,05,15,1.86,28.37,81.94
2022-05-16,2022,05,16,6.85,28.24,82.62
2022-05-17,2022,05,17,12.38,27.88,84.82
2022-05-18,2022,05,18,8.34,27.87,84.69
2022-05-19,2022,05,19,3.9,27.95,80.8
2022-05-20,2022,05,20,10.34,27.14,85.37
2022-05-21,2022,05,21,5.52,27.16,83.77
2022-05-22,2022,05,22,2.07,27.44,82.63
2022-05-23,2022,05,23,3.03,27.46,86.82
2022-05-24,2022,05,24,3.65,27.84,88.48
2022-05-25,2022,05,25,4.99,27.69,85.4
2022-05-26,2022,05,26,4.49,26.66,84.73
2022-05-27,2022,05,27,2.93,27.83,77.24
2022-05-28,2022,05,28,9.91,27.17,80.95
2022-05-29,2022,05,29,3.67,27.38,83.31
2022-05-30,2022,05,30,6.61,27.26,79.87
2022-05-31,2022,05,31,7.34,26.96,82.44
2022-06-01,2022,06,01,0.75,27.33,82.77
2022-06-02,2022,06,02,5.32,27.63,81.54
2022-06-03,2022,06,03,8.06,27.69,75.9
2022-06-04,2022,06,04,1.25,27.37,80.7
2022-06-05,2022,06,05,4.02,27.61,80.13
2022-06-06,2022,06,06,21.9,26.89,83.33
2022-06-07,2022,06,07,3.66,27.19,83.5
2022-06-08,2022,06,08,8.65,27.24,86.19
2022-06-09,2022,06,09,7.33,26.9,84.86
2022-06-10,2022,06,10,2.44,27.53,80.05
2022-06-11,2022,06,11,5.06,27.37,85.46
2022-06-12,2022,06,12,4.01,27.38,82.98
2022-06-13,2022,06,13,2.74,27.29,80.49
2022-06-14,2022,06,14,1.22,27.18,82.19
2022-06-15,2022,06,15,2.33,27.06,84.01
2022-06-16,2022,06,16,3.0,26.53,87.68
2022-06-17,2022,06,17,4.54,26.42,84.31
2022-06-18,2022,06,18,1.27,27.27,76.99
2022-06-19,2022,06,19,0.22,27.42,80.88
2022-06-20,2022,06,20,3.03,27.04,83.61
2022-06-21,2022,06,21,2.95,27.07,82.84
2022-06-22,2022,06,22,2.46,27.08,86.25
2022-06-23,2022,06,23,1.14,27.33,84.52
2022-06-24,2022,06,24,1.93,26.55,85.13
2022-06-25,2022,06,25,3.72,27.0,80.02
2022-06-26,2022,06,26,4.14,27.46,79.1
2022-06-27,2022,06,27,15.08,27.23,79.59
2022-06-28,2022,06,28,11.03,27.32,81.02
2022-06-29,2022,06,29,2.64,27.43,78.02
2022-06-30,2022,06,30,0.42,26.91,77.84
2022-07-01,2022,07,01,0.45,27.3,79.93
2022-07-02,2022,07,02,2.07,27.46,81.91
2022-07-03,2022,07,03,3.91,27.71,82.88
2022-07-04,2022,07,04,2.65,27.26,89.27
2022-07-05,2022,07,05,2.65,27.36,84.97
2022-07-06,2022,07,06,22.02,27.37,83.39
2022-07-07,2022,07,07,0.85,27.74,81.39
2022-07-08,2022,07,08,0.81,27.95,76.64
2022-07-09,2022,07,09,0.64,27.17,76.82
2022-07-10,2022,07,10,0.14,27.2,75.81
2022-07-11,2022,07,11,0.1,27.22,79.5
2022-07-12,2022,07,12,4.62,27.16,86.92
2022-07-13,2022,07,13,8.13,26.76,87.11
2022-07-14,2022,07,14,3.3,26.82,86.85
2022-07-15,2022,07,15,18.33,27.09,87.82
2022-07-16,2022,07,16,33.74,26.38,84.47
2022-07-17,2022,07,17,3.14,26.62,85.3
2022-07-18,2022,07,18,2.45,27.15,82.74
2022-07-19,2022,07,19,1.22,27.44,83.28
2022-07-20,2022,07,20,1.44,27.58,84.79
2022-07-21,2022,07,21,0.34,27.49,81.19
2022-07-22,2022,07,22,1.49,27.1,83.94
2022-07-23,2022,07,23,2.73,27.26,83.96
2022-07-24,2022,07,24,3.8,27.36,82.79
2022-07-25,2022,07,25,0.64,26.99,81.39
2022-07-26,2022,07,26,0.23,26.62,79.76
2022-07-27,2022,07,27,0.01,26.69,79.4
2022-07-28,2022,07,28,0.74,26.74,85.27
2022-07-29,2022,07,29,4.08,27.05,85.82
2022-07-30,2022,07,30,1.42,27.3,82.55
2022-07-31,2022,07,31,0.44,27.06,83.89
2022-08-01,2022,08,01,0.46,26.93,85.86
2022-08-02,2022,08,02,0.64,27.02,83.04
2022-08-03,2022,08,03,4.64,26.89,85.61
2022-08-04,2022,08,04,7.36,26.88,86.19
2022-08-05,2022,08,05,1.1,26.8,83.23
2022-08-06,2022,08,06,1.54,27.04,76.83
2022-08-07,2022,08,07,1.29,27.25,78.28
2022-08-08,2022,08,08,0.48,27.68,77.97
2022-08-09,2022,08,09,0.36,27.84,76.79
2022-08-10,2022,08,10,0.7,27.66,81.44
2022-08-11,2022,08,11,1.05,27.62,83.54
2022-08-12,2022,08,12,5.43,27.58,83.83
2022-08-13,2022,08,13,3.85,27.36,84.12
2022-08-14,2022,08,14,6.32,27.26,85.21
2022-08-15,2022,08,15,4.99,27.27,81.55
2022-08-16,2022,08,16,5.54,27.26,79.33
2022-08-17,2022,08,17,19.39,27.21,81.81
2022-08-18,2022,08,18,0.25,27.42,79.38
2022-08-19,2022,08,19,0.84,27.55,82.34
2022-08-20,2022,08,20,2.88,27.49,82.78
2022-08-21,2022,08,21,6.94,27.31,82.77
2022-08-22,2022,08,22,4.06,27.11,82.95
2022-08-23,2022,08,23,0.89,27.53,82.27
2022-08-24,2022,08,24,0.5,27.6,81.02
2022-08-25,2022,08,25,0.18,27.16,79.0
2022-08-26,2022,08,26,0.59,27.05,80.33
2022-08-27,2022,08,27,3.55,27.07,83.8
2022-08-28,2022,08,28,2.88,26.89,83.28
2022-08-29,2022,08,29,1.73,27.31,80.16
2022-08-30,2022,08,30,0.53,27.51,78.14
2022-08-31,2022,08,31,0.53,27.57,80.58
2022-09-01,2022,09,01,2.6,27.32,85.51
2022-09-02,2022,09,02,1.31,27.62,82.3
2022-09-03,2022,09,03,1.55,27.66,81.7
2022-09-04,2022,09,04,3.64,27.87,80.6
2022-09-05,2022,09,05,14.31,27.07,84.03
2022-09-06,2022,09,06,6.77,27.34,84.36
2022-09-07,2022,09,07,7.18,27.34,81.81
2022-09-08,2022,09,08,14.64,26.12,87.53
2022-09-09,2022,09,09,8.09,26.48,81.97
2022-09-10,2022,09,10,15.14,26.42,80.89
2022-09-11,2022,09,11,4.29,27.23,79.03
2022-09-12,2022,09,12,1.74,27.4,79.88
2022-09-13,2022,09,13,2.35,27.86,76.9
2022-09-14,2022,09,14,5.64,26.85,81.57
2022-09-15,2022,09,15,1.2,27.49,78.05
2022-09-16,2022,09,16,2.48,27.86,77.26
2022-09-17,2022,09,17,2.42,27.64,81.83
2022-09-18,2022,09,18,4.04,27.77,80.89
2022-09-19,2022,09,19,4.18,27.52,80.0
2022-09-20,2022,09,20,1.66,27.41,79.87
2022-09-21,2022,09,21,4.18,27.34,82.36
2022-09-22,2022,09,22,12.86,27.26,83.13
2022-09-23,2022,09,23,8.68,27.03,82.18
2022-09-24,2022,09,24,1.25,27.5,79.05
2022-09-25,2022,09,25,0.94,28.31,76.96
2022-09-26,2022,09,26,2.6,28.39,75.92
2022-09-27,2022,09,27,0.54,28.08,75.51
2022-09-28,2022,09,28,0.71,28.11,75.82
2022-09-29,2022,09,29,0.56,27.74,79.41
2022-09-30,2022,09,30,3.3,27.36,84.23
2022-10-01,2022,10,01,3.9,27.65,84.42
2022-10-02,2022,10,02,4.19,27.33,83.78
2022-10-03,2022,10,03,9.4,27.4,83.01
2022-10-04,2022,10,04,10.43,27.12,85.39
2022-10-05,2022,10,05,9.69,27.01,82.66
2022-10-06,2022,10,06,12.16,27.0,83.91
2022-10-07,2022,10,07,13.0,26.62,83.15
2022-10-08,2022,10,08,15.22,26.42,87.93
2022-10-09,2022,10,09,5.99,27.53,81.7
2022-10-10,2022,10,10,4.49,26.89,85.26
2022-10-11,2022,10,11,6.59,26.6,85.88
2022-10-12,2022,10,12,3.96,26.88,82.58
2022-10-13,2022,10,13,7.04,26.96,81.39
2022-10-14,2022,10,14,5.73,27.33,80.99
2022-10-15,2022,10,15,5.67,27.41,80.9
2022-10-16,2022,10,16,3.56,27.87,81.98
2022-10-17,2022,10,17,20.14,27.18,86.15
2022-10-18,2022,10,18,4.52,27.24,85.62
2022-10-19,2022,10,19,7.09,27.6,83.57
2022-10-20,2022,10,20,12.49,27.01,87.34
2022-10-21,2022,10,21,6.31,27.22,82.97
2022-10-22,2022,10,22,8.56,27.39,82.55
2022-10-23,2022,10,23,4.0,27.51,84.76
2022-10-24,2022,10,24,9.7,27.52,82.77
2022-10-25,2022,10,25,14.73,27.1,84.25
2022-10-26,2022,10,26,16.23,26.88,86.66
2022-10-27,2022,10,27,2.12,27.15,82.38
2022-10-28,2022,10,28,1.35,27.41,78.43
2022-10-29,2022,10,29,3.41,27.64,77.51
2022-10-30,2022,10,30,2.49,27.6,77.44
2022-10-31,2022,10,31,1.72,27.13,82.1
2022-11-01,2022,11,01,1.87,27.51,82.2
2022-11-02,2022,11,02,4.64,27.88,81.24
2022-11-03,2022,11,03,5.77,27.43,84.06
2022-11-04,2022,11,04,13.57,27.55,83.77
2022-11-05,2022,11,05,8.81,27.12,84.17
2022-11-06,2022,11,06,4.48,27.43,82.64
2022-11-07,2022,11,07,6.51,27.08,83.86
2022-11-08,2022,11,08,4.2,26.61,83.33
2022-11-09,2022,11,09,6.49,27.24,81.52
2022-11-10,2022,11,10,6.6,27.22,83.96
2022-11-11,2022,11,11,3.67,27.36,84.55
2022-11-12,2022,11,12,6.6,27.21,83.74
2022-11-13,2022,11,13,17.85,26.65,88.08
2022-11-14,2022,11,14,4.15,27.46,84.94
2022-11-15,2022,11,15,6.97,26.88,87.17
2022-11-16,2022,11,16,8.36,26.95,84.26
2022-11-17,2022,11,17,17.19,26.71,84.45
2022-11-18,2022,11,18,4.64,26.99,85.25
2022-11-19,2022,11,19,2.6,27.02,85.72
2022-11-20,2022,11,20,0.64,27.3,83.71
2022-11-21,2022,11,21,0.49,27.44,81.95
2022-11-22,2022,11,22,1.63,27.6,82.29
2022-11-23,2022,11,23,4.14,27.33,84.22
2022-11-24,2022,11,24,2.06,27.22,82.53
2022-11-25,2022,11,25,5.73,26.99,82.02
2022-11-26,2022,11,26,6.31,27.06,83.12
2022-11-27,2022,11,27,9.51,27.29,79.25
2022-11-28,2022,11,28,24.33,27.25,83.57
2022-11-29,2022,11,29,6.42,27.25,76.31
2022-11-30,2022,11,30,18.54,27.55,78.54
2022-12-01,2022,12,01,22.38,27.32,79.32
2022-12-02,2022,12,02,6.72,27.86,79.43
2022-12-03,2022,12,03,6.4,27.05,82.48
2022-12-04,2022,12,04,7.38,27.03,84.84
2022-12-05,2022,12,05,5.15,27.09,84.79
2022-12-06,2022,12,06,3.63,27.28,81.72
2022-12-07,2022,12,07,3.12,27.5,80.47
2022-12-08,2022,12,08,5.59,27.72,82.76
2022-12-09,2022,12,09,5.88,27.26,82.58
2022-12-10,2022,12,10,2.71,27.39,82.27
2022-12-11,2022,12,11,9.32,27.39,82.92
2022-12-12,2022,12,12,5.28,27.59,82.65
2022-12-13,2022,12,13,3.76,27.38,84.93
2022-12-14,2022,12,14,1.97,27.06,86.05
2022-12-15,2022,12,15,3.68,27.2,84.03
2022-12-16,2022,12,16,12.69,27.11,83.34
2022-12-17,2022,12,17,5.12,27.16,83.52
2022-12-18,2022,12,18,1.35,27.48,81.15
2022-12-19,2022,12,19,0.91,27.53,80.3
2022-12-20,2022,12,20,2.21,27.61,82.15
2022-12-21,2022,12,21,7.35,26.95,88.04
2022-12-22,2022,12,22,9.04,26.41,88.52
2022-12-23,2022,12,23,12.21,26.16,89.23
2022-12-24,2022,12,24,6.83,26.8,84.72
2022-12-25,2022,12,25,10.09,26.59,84.48
2022-12-26,2022,12,26,7.29,26.81,83.67
2022-12-27,2022,12,27,10.09,26.35,85.24
2022-12-28,2022,12,28,9.97,26.66,85.37
2022-12-29,2022,12,29,17.37,26.53,86.52
2022-12-30,2022,12,30,16.14,26.76,88.03
2022-12-31,2022,12,31,12.76,26.56,88.79
2023-01-01,2023,01,01,18.86,26.22,88.52
2023-01-02,2023,01,02,10.95,26.64,87.11
2023-01-03,2023,01,03,6.11,26.26,87.06
2023-01-04,2023,01,04,9.73,26.17,88.44
2023-01-05,2023,01,05,3.32,26.56,85.08
2023-01-06,2023,01,06,2.06,26.98,84.55
2023-01-07,2023,01,07,1.72,26.99,85.49
2023-01-08,2023,01,08,3.78,26.79,85.56
2023-01-09,2023,01,09,1.94,27.23,82.87
2023-01-10,2023,01,10,2.23,27.26,83.02
2023-01-11,2023,01,11,2.3,27.71,80.42
2023-01-12,2023,01,12,3.99,27.39,80.59
2023-01-13,2023,01,13,5.2,27.57,82.48
2023-01-14,2023,01,14,7.84,27.17,83.41
2023-01-15,2023,01,15,1.12,27.65,81.8
2023-01-16,2023,01,16,1.01,27.09,84.68
2023-01-17,2023,01,17,7.74,26.59,86.16
2023-01-18,2023,01,18,5.52,26.35,85.99
2023-01-19,2023,01,19,4.87,25.86,90.27
2023-01-20,2023,01,20,2.15,26.88,83.36
2023-01-21,2023,01,21,3.93,26.91,85.05
2023-01-22,2023,01,22,5.29,26.92,85.59
2023-01-23,2023,01,23,4.68,26.85,85.7
2023-01-24,2023,01,24,3.0,26.73,87.04
2023-01-25,2023,01,25,5.74,25.97,89.25
2023-01-26,2023,01,26,3.67,25.99,88.66
2023-01-27,2023,01,27,12.0,26.18,88.61
2023-01-28,2023,01,28,14.01,26.48,87.21
2023-01-29,2023,01,29,4.56,26.67,87.26
2023-01-30,2023,01,30,2.14,26.84,86.85
2023-01-31,2023,01,31,8.1,26.54,88.39
2023-02-01,2023,02,01,5.0,26.44,87.25
2023-02-02,2023,02,02,9.42,26.02,88.92
2023-02-03,2023,02,03,2.97,26.29,83.86
2023-02-04,2023,02,04,1.67,26.6,85.46
2023-02-05,2023,02,05,1.17,26.96,85.09
2023-02-06,2023,02,06,2.27,27.24,83.25
2023-02-07,2023,02,07,4.93,26.26,86.86
2023-02-08,2023,02,08,6.2,26.35,84.98
2023-02-09,2023,02,09,3.69,26.92,84.17
2023-02-10,2023,02,10,9.7,26.81,84.9
2023-02-11,2023,02,11,35.53,26.0,89.85
2023-02-12,2023,02,12,59.19,25.99,86.99
2023-02-13,2023,02,13,6.63,26.58,84.15
2023-02-14,2023,02,14,6.41,26.73,86.85
2023-02-15,2023,02,15,13.1,26.54,86.61
2023-02-16,2023,02,16,10.21,26.74,84.3
2023-02-17,2023,02,17,5.86,26.5,86.2
2023-02-18,2023,02,18,23.92,26.38,88.34
2023-02-19,2023,02,19,7.1,26.6,87.81
2023-02-20,2023,02,20,4.71,27.01,84.85
2023-02-21,2023,02,21,6.27,26.32,88.26
2023-02-22,2023,02,22,10.52,25.87,88.6
2023-02-23,2023,02,23,27.0,26.41,89.03
2023-02-24,2023,02,24,47.27,26.47,89.77
2023-02-25,2023,02,25,35.02,25.48,87.55
2023-02-26,2023,02,26,60.93,26.28,85.96
2023-02-27,2023,02,27,23.62,26.25,89.69
2023-02-28,2023,02,28,11.69,26.34,86.66
2023-03-01,2023,03,01,22.29,26.26,89.1
2023-03-02,2023,03,02,13.3,25.9,89.58
2023-03-03,2023,03,03,6.67,26.45,86.53
2023-03-04,2023,03,04,13.82,26.49,87.13
2023-03-05,2023,03,05,11.91,26.31,88.09
2023-03-06,2023,03,06,3.88,26.64,86.48
2023-03-07,2023,03,07,4.33,27.01,84.35
2023-03-08,2023,03,08,9.25,26.58,83.6
2023-03-09,2023,03,09,11.22,26.46,85.31
2023-03-10,2023,03,10,10.12,27.39,82.35
2023-03-11,2023,03,11,10.16,27.49,85.73
2023-03-12,2023,03,12,7.94,27.57,83.54
2023-03-13,2023,03,13,1.96,27.22,83.93
2023-03-14,2023,03,14,12.08,26.66,86.75
2023-03-15,2023,03,15,19.5,26.5,88.72
2023-03-16,2023,03,16,0.68,27.28,81.84
2023-03-17,2023,03,17,3.16,27.5,82.19
2023-03-18,2023,03,18,2.77,27.37,82.88
2023-03-19,2023,03,19,2.0,27.17,84.91
2023-03-20,2023,03,20,5.05,27.6,80.6
2023-03-21,2023,03,21,0.39,27.01,83.33
2023-03-22,2023,03,22,1.88,27.68,81.86
2023-03-23,2023,03,23,0.21,27.98,80.71
2023-03-24,2023,03,24,0.52,27.93,79.08
2023-03-25,2023,03,25,12.53,27.93,83.02
2023-03-26,2023,03,26,11.63,27.77,83.02
2023-03-27,2023,03,27,3.68,27.56,84.3
2023-03-28,2023,03,28,4.3,27.34,84.43
2023-03-29,2023,03,29,10.97,27.66,82.0
2023-03-30,2023,03,30,5.6,27.18,82.84
2023-03-31,2023,03,31,7.29,26.81,86.9
2023-04-01,2023,04,01,7.53,26.72,87.55
2023-04-02,2023,04,02,5.96,27.21,84.56
2023-04-03,2023,04,03,3.14,27.16,82.07
2023-04-04,2023,04,04,1.18,26.93,82.18
2023-04-05,2023,04,05,1.06,27.74,78.87
2023-04-06,2023,04,06,0.55,27.3,78.48
2023-04-07,2023,04,07,1.3,27.3,75.55
2023-04-08,2023,04,08,2.22,27.74,78.63
2023-04-09,2023,04,09,5.69,27.27,83.49
2023-04-10,2023,04,10,9.54,27.0,88.17
2023-04-11,2023,04,11,2.05,27.62,84.78
2023-04-12,2023,04,12,2.8,27.88,86.5
2023-04-13,2023,04,13,1.49,27.73,86.21
2023-04-14,2023,04,14,6.38,28.03,83.22
2023-04-15,2023,04,15,6.23,27.6,84.82
2023-04-16,2023,04,16,5.01,27.75,82.71
2023-04-17,2023,04,17,2.59,28.03,80.39
2023-04-18,2023,04,18,4.08,27.85,85.97
2023-04-19,2023,04,19,4.08,27.68,87.63
2023-04-20,2023,04,20,11.19,27.89,86.47
2023-04-21,2023,04,21,2.02,27.65,85.99
2023-04-22,2023,04,22,3.73,28.14,84.78
2023-04-23,2023,04,23,4.29,27.89,88.17
2023-04-24,2023,04,24,2.03,28.16,85.13
2023-04-25,2023,04,25,1.76,27.91,83.53
2023-04-26,2023,04,26,0.53,28.19,79.2
2023-04-27,2023,04,27,3.14,28.3,81.08
2023-04-28,2023,04,28,10.18,28.51,79.13
2023-04-29,2023,04,29,0.57,28.04,78.7
2023-04-30,2023,04,30,2.33,28.58,76.58
2023-05-01,2023,05,01,73.88,28.72,78.78
2023-05-02,2023,05,02,4.07,28.57,80.57
2023-05-03,2023,05,03,9.39,28.33,86.06
2023-05-04,2023,05,04,6.36,28.3,83.11
2023-05-05,2023,05,05,7.46,28.68,81.65
2023-05-06,2023,05,06,4.4,27.73,83.76
2023-05-07,2023,05,07,7.45,28.07,81.46
2023-05-08,2023,05,08,6.32,28.0,83.06
2023-05-09,2023,05,09,1.25,28.47,80.56
2023-05-10,2023,05,10,1.4,28.6,84.71
2023-05-11,2023,05,11,3.91,28.29,87.65
2023-05-12,2023,05,12,3.19,28.58,85.41
2023-05-13,2023,05,13,13.14,28.58,84.68
2023-05-14,2023,05,14,5.33,28.25,76.38
2023-05-15,2023,05,15,0.14,28.06,74.79
2023-05-16,2023,05,16,0.48,28.05,79.86
2023-05-17,2023,05,17,0.21,28.02,80.79
2023-05-18,2023,05,18,0.26,28.0,80.07
2023-05-19,2023,05,19,0.26,27.84,81.57
2023-05-20,2023,05,20,0.37,28.05,84.3
2023-05-21,2023,05,21,1.78,28.56,78.7
2023-05-22,2023,05,22,1.12,28.31,79.2
2023-05-23,2023,05,23,1.87,27.86,80.17
2023-05-24,2023,05,24,2.56,28.1,80.33
2023-05-25,2023,05,25,4.73,28.3,78.21
2023-05-26,2023,05,26,1.41,28.05,80.1
2023-05-27,2023,05,27,2.3,27.83,80.33
2023-05-28,2023,05,28,2.26,28.23,79.28
2023-05-29,2023,05,29,2.78,28.19,81.09
2023-05-30,2023,05,30,1.94,28.22,80.07
2023-05-31,2023,05,31,0.44,28.31,78.7
2023-06-01,2023,06,01,0.03,28.1,78.58
2023-06-02,2023,06,02,0.08,28.11,83.03
2023-06-03,2023,06,03,0.57,28.21,84.47
2023-06-04,2023,06,04,2.04,28.32,82.72
2023-06-05,2023,06,05,4.16,27.68,86.05
2023-06-06,2023,06,06,3.65,27.55,83.71
2023-06-07,2023,06,07,2.22,27.66,83.9
2023-06-08,2023,06,08,1.42,27.65,86.83
2023-06-09,2023,06,09,0.82,28.03,83.15
2023-06-10,2023,06,10,0.73,28.15,79.59
2023-06-11,2023,06,11,0.04,27.85,78.99
2023-06-12,2023,06,12,1.75,27.58,84.18
2023-06-13,2023,06,13,5.05,27.95,87.73
2023-06-14,2023,06,14,7.16,27.48,86.94
2023-06-15,2023,06,15,6.0,27.25,86.24
2023-06-16,2023,06,16,13.87,26.88,85.24
2023-06-17,2023,06,17,5.11,27.67,81.68
2023-06-18,2023,06,18,4.38,27.61,85.51
2023-06-19,2023,06,19,8.94,27.66,83.64
2023-06-20,2023,06,20,1.69,27.38,82.22
2023-06-21,2023,06,21,1.61,28.11,80.39
2023-06-22,2023,06,22,1.82,28.08,83.3
2023-06-23,2023,06,23,1.43,27.95,81.95
2023-06-24,2023,06,24,3.28,27.69,84.31
2023-06-25,2023,06,25,13.6,27.3,85.8
2023-06-26,2023,06,26,3.47,27.56,81.85
2023-06-27,2023,06,27,4.76,27.7,80.9
2023-06-28,2023,06,28,3.86,28.03,79.66
2023-06-29,2023,06,29,2.22,28.21,78.88
2023-06-30,2023,06,30,1.38,28.29,75.93
2023-07-01,2023,07,01,0.04,28.31,74.98
2023-07-02,2023,07,02,0.33,28.09,78.89
2023-07-03,2023,07,03,0.21,27.75,81.87
2023-07-04,2023,07,04,0.11,27.91,79.9
2023-07-05,2023,07,05,1.02,27.84,79.55
2023-07-06,2023,07,06,2.82,27.56,81.54
2023-07-07,2023,07,07,8.89,26.94,87.49
2023-07-08,2023,07,08,9.73,27.2,86.15
2023-07-09,2023,07,09,2.16,27.33,84.87
2023-07-10,2023,07,10,1.72,27.76,83.39
2023-07-11,2023,07,11,0.84,27.45,83.52
2023-07-12,2023,07,12,0.61,27.8,76.75
2023-07-13,2023,07,13,0.06,27.51,75.26
2023-07-14,2023,07,14,1.88,27.91,78.14
2023-07-15,2023,07,15,0.93,27.57,79.61
2023-07-16,2023,07,16,0.34,28.09,77.24
2023-07-17,2023,07,17,0.03,27.31,80.09
2023-07-18,2023,07,18,0.02,26.67,80.87
2023-07-19,2023,07,19,0.01,26.74,78.33
2023-07-20,2023,07,20,0.0,26.82,72.15
2023-07-21,2023,07,21,0.01,27.1,75.62
2023-07-22,2023,07,22,0.14,27.25,78.78
2023-07-23,2023,07,23,0.26,27.16,82.04
2023-07-24,2023,07,24,1.64,27.33,80.85
2023-07-25,2023,07,25,2.56,27.34,81.7
2023-07-26,2023,07,26,1.44,27.7,78.08
2023-07-27,2023,07,27,0.35,27.5,75.98
2023-07-28,2023,07,28,0.28,27.43,73.85
2023-07-29,2023,07,29,0.02,26.59,77.58
2023-07-30,2023,07,30,0.05,26.42,76.66
2023-07-31,2023,07,31,0.09,26.13,79.43
2023-08-01,2023,08,01,0.13,26.74,82.87
2023-08-02,2023,08,02,3.58,27.37,81.23
2023-08-03,2023,08,03,7.48,27.68,83.08
2023-08-04,2023,08,04,1.05,27.78,81.35
2023-08-05,2023,08,05,0.1,27.06,80.81
2023-08-06,2023,08,06,0.16,27.47,77.85
2023-08-07,2023,08,07,0.22,27.48,79.95
2023-08-08,2023,08,08,0.64,27.32,83.52
2023-08-09,2023,08,09,0.09,26.99,81.89
2023-08-10,2023,08,10,0.0,26.7,78.46
2023-08-11,2023,08,11,0.0,26.83,78.26
2023-08-12,2023,08,12,0.04,26.15,75.35
2023-08-13,2023,08,13,0.04,26.54,75.6
2023-08-14,2023,08,14,0.0,27.02,75.49
2023-08-15,2023,08,15,0.0,27.06,76.09
2023-08-16,2023,08,16,0.0,27.33,74.56
2023-08-17,2023,08,17,0.0,26.91,75.64
2023-08-18,2023,08,18,0.0,26.99,75.23
2023-08-19,2023,08,19,0.0,26.86,80.0
2023-08-20,2023,08,20,0.0,27.22,79.94
2023-08-21,2023,08,21,0.0,26.98,77.24
2023-08-22,2023,08,22,0.0,26.88,79.99
2023-08-23,2023,08,23,0.0,27.15,77.87
2023-08-24,2023,08,24,0.01,27.19,79.59
2023-08-25,2023,08,25,0.21,27.34,80.1
2023-08-26,2023,08,26,0.81,27.5,78.11
2023-08-27,2023,08,27,2.34,27.58,78.46
2023-08-28,2023,08,28,0.58,27.25,77.08
2023-08-29,2023,08,29,0.01,27.24,75.14
2023-08-30,2023,08,30,0.0,26.99,78.06
2023-08-31,2023,08,31,0.0,27.04,73.39
2023-09-01,2023,09,01,0.0,27.16,71.54
2023-09-02,2023,09,02,0.0,27.0,74.47
2023-09-03,2023,09,03,0.0,27.41,72.84
2023-09-04,2023,09,04,0.0,26.07,72.5
2023-09-05,2023,09,05,0.0,26.34,74.56
2023-09-06,2023,09,06,0.0,27.03,73.96
2023-09-07,2023,09,07,0.0,27.74,73.62
2023-09-08,2023,09,08,0.0,27.89,76.19
2023-09-09,2023,09,09,0.0,27.78,74.0
2023-09-10,2023,09,10,0.0,27.29,74.57
2023-09-11,2023,09,11,0.0,27.67,71.05
2023-09-12,2023,09,12,0.0,27.91,77.01
2023-09-13,2023,09,13,0.07,27.86,76.84
2023-09-14,2023,09,14,0.13,27.62,73.86
2023-09-15,2023,09,15,0.01,27.68,71.69
2023-09-16,2023,09,16,0.58,27.58,78.17
2023-09-17,2023,09,17,0.19,27.85,77.52
2023-09-18,2023,09,18,0.28,28.0,76.57
2023-09-19,2023,09,19,0.17,28.23,76.2
2023-09-20,2023,09,20,0.08,28.3,75.12
2023-09-21,2023,09,21,0.07,28.59,73.43
2023-09-22,2023,09,22,0.04,28.8,69.49
2023-09-23,2023,09,23,0.06,28.2,70.5
2023-09-24,2023,09,24,0.0,28.38,69.41
2023-09-25,2023,09,25,0.0,28.5,69.47
2023-09-26,2023,09,26,0.0,28.43,66.8
2023-09-27,2023,09,27,0.0,28.19,67.7
2023-09-28,2023,09,28,0.0,28.03,70.3
2023-09-29,2023,09,29,0.04,28.56,71.33
2023-09-30,2023,09,30,0.44,28.74,70.27
2023-10-01,2023,10,01,0.12,28.74,71.39
2023-10-02,2023,10,02,0.08,28.87,67.81
2023-10-03,2023,10,03,0.3,28.36,71.37
2023-10-04,2023,10,04,0.03,28.95,70.73
2023-10-05,2023,10,05,0.26,28.95,74.89
2023-10-06,2023,10,06,0.14,29.25,73.61
2023-10-07,2023,10,07,0.31,29.3,73.4
2023-10-08,2023,10,08,0.26,29.42,72.08
2023-10-09,2023,10,09,0.7,29.26,73.19
2023-10-10,2023,10,10,0.88,29.14,74.51
2023-10-11,2023,10,11,0.63,29.47,69.31
2023-10-12,2023,10,12,0.12,29.45,69.05
2023-10-13,2023,10,13,0.16,29.57,69.36
2023-10-14,2023,10,14,0.21,29.71,68.84
2023-10-15,2023,10,15,0.52,29.76,70.21
2023-10-16,2023,10,16,0.08,29.82,71.09
2023-10-17,2023,10,17,0.03,29.9,69.79
2023-10-18,2023,10,18,0.16,29.72,70.18
2023-10-19,2023,10,19,1.33,29.17,74.65
2023-10-20,2023,10,20,5.69,28.81,77.12
2023-10-21,2023,10,21,3.16,29.21,75.74
2023-10-22,2023,10,22,2.58,29.06,74.06
2023-10-23,2023,10,23,1.59,29.17,73.51
2023-10-24,2023,10,24,3.69,29.36,71.72
2023-10-25,2023,10,25,3.64,28.84,77.57
2023-10-26,2023,10,26,3.28,29.41,73.03
2023-10-27,2023,10,27,0.3,29.42,71.5
2023-10-28,2023,10,28,0.06,29.35,70.09
2023-10-29,2023,10,29,0.31,29.58,69.49
2023-10-30,2023,10,30,0.79,29.85,67.77
2023-10-31,2023,10,31,3.09,29.97,70.0
2023-11-01,2023,11,01,5.48,29.59,74.55
2023-11-02,2023,11,02,4.24,29.73,74.41
2023-11-03,2023,11,03,3.97,29.43,76.01
2023-11-04,2023,11,04,10.2,28.87,78.75
2023-11-05,2023,11,05,6.26,29.15,75.92
2023-11-06,2023,11,06,2.93,29.34,74.12
2023-11-07,2023,11,07,0.46,29.1,74.48
2023-11-08,2023,11,08,0.16,29.81,70.89
2023-11-09,2023,11,09,0.74,29.84,73.14
2023-11-10,2023,11,10,5.71,29.57,75.89
2023-11-11,2023,11,11,6.47,29.05,80.04
2023-11-12,2023,11,12,5.42,29.31,76.11
2023-11-13,2023,11,13,2.78,29.37,77.46
2023-11-14,2023,11,14,9.68,29.24,79.62
2023-11-15,2023,11,15,3.47,28.93,77.16
2023-11-16,2023,11,16,3.38,29.38,75.7
2023-11-17,2023,11,17,5.43,29.23,77.7
2023-11-18,2023,11,18,2.85,29.36,75.12
2023-11-19,2023,11,19,1.63,29.98,73.29
2023-11-20,2023,11,20,2.15,29.81,73.29
2023-11-21,2023,11,21,4.27,29.69,74.38
2023-11-22,2023,11,22,3.46,30.04,74.09
2023-11-23,2023,11,23,7.64,28.97,79.75
2023-11-24,2023,11,24,7.32,28.66,81.36
2023-11-25,2023,11,25,10.82,28.28,79.77
2023-11-26,2023,11,26,8.65,28.59,77.45
2023-11-27,2023,11,27,10.25,27.87,80.64
2023-11-28,2023,11,28,9.3,28.04,79.97
2023-11-29,2023,11,29,10.51,29.14,77.38
2023-11-30,2023,11,30,10.96,28.63,81.87
2023-12-01,2023,12,01,12.92,28.31,80.48
2023-12-02,2023,12,02,4.9,28.14,81.1
2023-12-03,2023,12,03,7.6,28.77,76.42
2023-12-04,2023,12,04,9.59,28.07,77.67
2023-12-05,2023,12,05,2.38,28.58,75.15
2023-12-06,2023,12,06,7.99,28.66,79.22
2023-12-07,2023,12,07,4.39,28.44,81.41
2023-12-08,2023,12,08,1.78,28.98,78.75
2023-12-09,2023,12,09,2.21,28.81,79.4
2023-12-10,2023,12,10,8.74,28.03,83.89
2023-12-11,2023,12,11,1.31,28.32,81.22
2023-12-12,2023,12,12,1.59,28.8,79.49
2023-12-13,2023,12,13,3.18,28.78,76.27
2023-12-14,2023,12,14,3.05,29.18,77.42
2023-12-15,2023,12,15,3.46,28.77,76.46
2023-12-16,2023,12,16,1.31,28.83,77.16
2023-12-17,2023,12,17,0.79,29.13,74.39
2023-12-18,2023,12,18,1.47,29.09,75.2
2023-12-19,2023,12,19,3.7,29.23,73.76
2023-12-20,2023,12,20,1.05,28.83,72.01
2023-12-21,2023,12,21,0.08,28.68,70.48
2023-12-22,2023,12,22,0.07,29.16,71.17
2023-12-23,2023,12,23,2.42,29.77,73.07
2023-12-24,2023,12,24,5.56,29.43,78.49
2023-12-25,2023,12,25,8.63,28.8,77.84
2023-12-26,2023,12,26,3.03,28.39,79.57
2023-12-27,2023,12,27,6.91,28.61,79.11
2023-12-28,2023,12,28,3.0,28.43,81.89
2023-12-29,2023,12,29,5.83,28.54,81.4
2023-12-30,2023,12,30,1.64,29.57,74.22
2023-12-31,2023,12,31,7.7,28.8,79.52
